Name,East,North
AUSW,599566.763,7058488.406
FTSM,714487.491,7502453.383
KEET,798455.026,7041017.98
ONGH,606152.214,8062880.599
OUTJ,604323.912,7795613.979
PALM,395361.353,7793148.774
RIVE,794190.429,6864730.589
ROSH,672099.285,6904490.326
RUAC,417514.093,8076759.169
SESR,581024.898,7291603.569
SWAK,455434.441,7492818.757
WIND,714826.601,7502030.975
